{
  "model_name": "resnet50",
  "accuracy": 0.568,
  "precision_weighted": 0.5815743307559165,
  "recall_weighted": 0.568,
  "f1_weighted": 0.558348077113736,
  "top5_accuracy": 0.7733333333333333,
  "avg_inference_time_sec": 0.16575638080008018,
  "images_per_second": 6.032950256111747,
  "model_size_mb": 164.6940574645996,
  "num_parameters": 24118681
}