{
  "model_name": "vgg16_v2_stage2",
  "accuracy": 0.7306666666666667,
  "precision_weighted": 0.7400634448111229,
  "recall_weighted": 0.7306666666666667,
  "f1_weighted": 0.7239636199343668,
  "top5_accuracy": 0.9066666666666666,
  "avg_inference_time_sec": 0.22855645040003583,
  "images_per_second": 4.3752867103498,
  "model_size_mb": 111.80579376220703,
  "num_parameters": 14852441
}