{
  "model_name": "mobilenetv2_v2_stage2",
  "accuracy": 0.7706666666666667,
  "precision_weighted": 0.7812228877074079,
  "recall_weighted": 0.7706666666666667,
  "f1_weighted": 0.7682834926049568,
  "top5_accuracy": 0.904,
  "avg_inference_time_sec": 0.11438738453341649,
  "images_per_second": 8.74222279038005,
  "model_size_mb": 12.930023193359375,
  "num_parameters": 2598489
}