{
  "model_name": "yolov8s_smartvision",
  "quick_test": false,
  "epochs": 50,
  "run_dir": "yolo_runs\\smartvision_yolov8s",
  "best_weights": "yolo_runs\\smartvision_yolov8s\\weights\\best.pt",
  "val_map_50": 0.005802585281640556,
  "val_map_50_95": 0.001741890531169728,
  "test_map_50": 0.005286295131886065,
  "test_map_50_95": 0.0014276108781617163,
  "num_val_images_for_speed_test": 50,
  "avg_inference_time_sec": 0.21726926799979993,
  "fps": 4.602583739550873
}