{
  "model_name": "mobilenetv2",
  "accuracy": 0.6506666666666666,
  "precision_weighted": 0.6619423668866393,
  "recall_weighted": 0.6506666666666666,
  "f1_weighted": 0.6420473620753672,
  "top5_accuracy": 0.9013333333333333,
  "avg_inference_time_sec": 0.04660592453321442,
  "images_per_second": 21.456499576300324,
  "model_size_mb": 10.954902648925781,
  "num_parameters": 2425177
}